{
  "Serilog": {
    // 日志输出级别
    "MinimumLevel": {
      "Default": "Information",
      "Override": {
        // 日志调用类命名空间如果以 Microsoft 开头，覆盖日志输出最小级别为 Information
        "Microsoft": "Information",
        "System": "Warning", //简化日志
        "Microsoft.AspNetCore": "Warning"
      }
    },
    "WriteTo": [
      {
        "Name": "Console",
        "Args": {
          "theme": "Serilog.Sinks.SystemConsole.Themes.AnsiConsoleTheme::Code, Serilog.Sinks.Console",
          "outputTemplate": "{Timestamp: HH:mm:ss.fff} {Level} {Message}{NewLine}{Exception}"
        }
      },
      {
        "Name": "File",
        "Args": {
          "path": "logs/log.txt",
          "rollingInterval": "Day", // "创建文件的类别，可以是分钟，小时，天，月,年": null,
          "retainedFileCountLimit": 60, // "--设置日志文件个数最大值，默认31，意思就是只保留最近的31个日志文件", "等于null时永远保留文件": null,
          //"outputTemplate": "{Timestamp:HH:mm:ss} [{Level:u3}] ({Application}/{MachineName}/{ThreadId}) {Message}{NewLine}{Exception}",
          "fileSizeLimitBytes": 3145728, //设置单个文件大小为3M 默认1G
          "rollOnFileSizeLimit": true //超过文件大小后创建新的
        }
      }
    ]
  }
}