﻿[
  {
    "AppId": "IOS", //IOS端
    "AppKey": "AEBC8001-A52A-40CA-9F56-62F1F828B03C",
    "Bucket": "oss-sz-1",//根目录
    "Enabled": true,//是否启用
    "SingleFileSizeLimit": 100,//单个文件限制大小，单位：MB
    "BatchUploadCountLimit": 9 //批量上传限制文件个数
  },
  {
    "AppId": "Android", //Android端
    "AppKey": "7DDE8AEE-1A24-4365-A989-AD5E9CCBB384",
    "Bucket": "oss-sz-1",
    "Enabled": true,
    "SingleFileSizeLimit": 100,
    "BatchUploadCountLimit": 9
  },
  {
    "AppId": "Web", //Web端
    "AppKey": "45090E3F-C224-47D7-BED9-A2166B3C0A02",
    "Bucket": "oss-sz-1",
    "Enabled": true,
    "SingleFileSizeLimit": 150,
    "BatchUploadCountLimit": 16
  }
]